{"cameraMode":{"drawMode":0,"name":"Shaded","section":"Shading Mode"},"sceneLighting":false,"audioPlay":false,"sceneViewState":{"m_AlwaysRefresh":false,"showFog":true,"showSkybox":false,"showFlares":true,"showImageEffects":true,"showParticleSystems":true,"showVisualEffectGraphs":true,"m_FxEnabled":true},"in2DMode":false,"pivot":{"x":1.6027909517288209,"y":0.6809875965118408,"z":-14.58547592163086},"rotation":{"x":-0.12303269654512406,"y":0.49762123823165896,"z":-0.07153525203466416,"w":-0.8555986881256104},"size":0.2660253643989563,"orthographic":false}