{"cameraMode":{"drawMode":0,"name":"Shaded","section":"Shading Mode"},"sceneLighting":false,"audioPlay":false,"sceneViewState":{"m_AlwaysRefresh":true,"showFog":true,"showSkybox":false,"showFlares":true,"showImageEffects":true,"showParticleSystems":true,"showVisualEffectGraphs":true,"m_FxEnabled":true},"in2DMode":false,"pivot":{"x":-1.390410304069519,"y":-2.088932514190674,"z":4.004764080047607},"rotation":{"x":0.11673025041818619,"y":-0.00655555771663785,"z":0.0007703456212766469,"w":0.9931328892707825},"size":7.775816440582275,"orthographic":false}