{"cameraMode":{"drawMode":0,"name":"Shaded","section":"Shading Mode"},"sceneLighting":false,"audioPlay":false,"sceneViewState":{"m_AlwaysRefresh":true,"showFog":true,"showSkybox":false,"showFlares":true,"showImageEffects":true,"showParticleSystems":true,"showVisualEffectGraphs":true,"m_FxEnabled":true},"in2DMode":false,"pivot":{"x":209.94345092773438,"y":472.22918701171877,"z":10.135498046875},"rotation":{"x":0.03897982835769653,"y":0.01888233609497547,"z":-0.0005972725339233875,"w":0.9988845586776733},"size":466.4761657714844,"orthographic":false}