{"cameraMode":{"drawMode":0,"name":"Shaded","section":"Shading Mode"},"sceneLighting":false,"audioPlay":false,"sceneViewState":{"m_AlwaysRefresh":false,"showFog":true,"showSkybox":false,"showFlares":true,"showImageEffects":true,"showParticleSystems":true,"showVisualEffectGraphs":true,"m_FxEnabled":true},"in2DMode":false,"pivot":{"x":-0.0035000364296138288,"y":-0.45399999618530276,"z":-3.8550000190734865},"rotation":{"x":-0.12595537304878236,"y":0.01695934124290943,"z":-0.0021547642536461355,"w":-0.9918860197067261},"size":4.876183032989502,"orthographic":false}