{"cameraMode":{"drawMode":0,"name":"Shaded","section":"Shading Mode"},"sceneLighting":false,"audioPlay":false,"sceneViewState":{"m_AlwaysRefresh":false,"showFog":true,"showSkybox":false,"showFlares":true,"showImageEffects":true,"showParticleSystems":true,"showVisualEffectGraphs":true,"m_FxEnabled":true},"in2DMode":false,"pivot":{"x":249.98231506347657,"y":758.8378295898438,"z":-471.773681640625},"rotation":{"x":-0.01919482834637165,"y":0.003311576321721077,"z":-0.00006059812585590407,"w":0.9997919797897339},"size":12.461819648742676,"orthographic":false}