{"cameraMode":{"drawMode":0,"name":"Shaded","section":"Shading Mode"},"sceneLighting":false,"audioPlay":false,"sceneViewState":{"m_AlwaysRefresh":true,"showFog":true,"showSkybox":false,"showFlares":true,"showImageEffects":true,"showParticleSystems":true,"showVisualEffectGraphs":true,"m_FxEnabled":true},"in2DMode":false,"pivot":{"x":-1.6285185813903809,"y":-3.322465658187866,"z":14.879507064819336},"rotation":{"x":0.18000417947769166,"y":-0.07281585037708283,"z":0.013360915705561638,"w":0.9808437824249268},"size":0.8660253882408142,"orthographic":false}