{"cameraMode":{"drawMode":0,"name":"Shaded","section":"Shading Mode"},"sceneLighting":false,"audioPlay":false,"sceneViewState":{"m_AlwaysRefresh":false,"showFog":true,"showSkybox":false,"showFlares":true,"showImageEffects":true,"showParticleSystems":true,"showVisualEffectGraphs":true,"m_FxEnabled":true},"in2DMode":false,"pivot":{"x":-0.9604158401489258,"y":-3.016890525817871,"z":-2.3959884643554689},"rotation":{"x":0.28227192163467409,"y":-0.35657986998558047,"z":0.11391579359769821,"w":0.8832536935806274},"size":1.2297559976577759,"orthographic":false}