{"cameraMode":{"drawMode":0,"name":"Shaded","section":"Shading Mode"},"sceneLighting":false,"audioPlay":false,"sceneViewState":{"m_AlwaysRefresh":false,"showFog":true,"showSkybox":false,"showFlares":true,"showImageEffects":true,"showParticleSystems":true,"showVisualEffectGraphs":true,"m_FxEnabled":true},"in2DMode":false,"pivot":{"x":0.05112478882074356,"y":-1.1486825942993165,"z":0.20783066749572755},"rotation":{"x":-0.009615343995392323,"y":0.9900992512702942,"z":-0.11064815521240235,"w":-0.0848604142665863},"size":0.32778188586235049,"orthographic":false}