{"cameraMode":{"drawMode":0,"name":"Shaded","section":"Shading Mode"},"sceneLighting":false,"audioPlay":false,"sceneViewState":{"m_AlwaysRefresh":false,"showFog":true,"showSkybox":false,"showFlares":true,"showImageEffects":true,"showParticleSystems":true,"showVisualEffectGraphs":true,"m_FxEnabled":true},"in2DMode":false,"pivot":{"x":-6.731263637542725,"y":-10.872986793518067,"z":18.179401397705079},"rotation":{"x":-0.27403023838996889,"y":0.038067881017923358,"z":-0.010856881737709046,"w":-0.9608878493309021},"size":40.96776580810547,"orthographic":false}