{"cameraMode":{"drawMode":0,"name":"Shaded","section":"Shading Mode"},"sceneLighting":false,"audioPlay":false,"sceneViewState":{"m_AlwaysRefresh":true,"showFog":true,"showSkybox":false,"showFlares":true,"showImageEffects":true,"showParticleSystems":true,"showVisualEffectGraphs":true,"m_FxEnabled":true},"in2DMode":false,"pivot":{"x":-0.8494000434875488,"y":-3.3133440017700197,"z":0.13126130402088166},"rotation":{"x":-0.14137594401836396,"y":-0.7626026272773743,"z":0.17861105501651765,"w":-0.6054139733314514},"size":0.5178079009056091,"orthographic":false}