{"cameraMode":{"drawMode":0,"name":"Shaded","section":"Shading Mode"},"sceneLighting":false,"audioPlay":false,"sceneViewState":{"m_AlwaysRefresh":false,"showFog":true,"showSkybox":false,"showFlares":true,"showImageEffects":true,"showParticleSystems":true,"showVisualEffectGraphs":true,"m_FxEnabled":true},"in2DMode":false,"pivot":{"x":0.0009999275207519532,"y":-0.9079999923706055,"z":-8.710000038146973},"rotation":{"x":0.037121839821338657,"y":-0.05633346736431122,"z":-0.002091833623126149,"w":-0.9976963996887207},"size":1.6724684238433838,"orthographic":false}