{"cameraMode":{"drawMode":0,"name":"Shaded","section":"Shading Mode"},"sceneLighting":false,"audioPlay":false,"sceneViewState":{"m_AlwaysRefresh":true,"showFog":true,"showSkybox":false,"showFlares":true,"showImageEffects":true,"showParticleSystems":true,"showVisualEffectGraphs":true,"m_FxEnabled":true},"in2DMode":false,"pivot":{"x":-19.472179412841798,"y":42.29373550415039,"z":-137.32147216796876},"rotation":{"x":-0.01649530418217182,"y":-0.00510176457464695,"z":-0.00012875968241132796,"w":0.9996141195297241},"size":280.92413330078127,"orthographic":false}