{"cameraMode":{"drawMode":0,"name":"Shaded","section":"Shading Mode"},"sceneLighting":false,"audioPlay":false,"sceneViewState":{"m_AlwaysRefresh":true,"showFog":true,"showSkybox":false,"showFlares":true,"showImageEffects":true,"showParticleSystems":true,"showVisualEffectGraphs":true,"m_FxEnabled":true},"in2DMode":false,"pivot":{"x":182.01170349121095,"y":695.7504272460938,"z":-493.3023986816406},"rotation":{"x":0.07786434143781662,"y":0.035285525023937228,"z":-0.0026161985006183388,"w":0.9961592555046082},"size":6.037942409515381,"orthographic":false}