{"cameraMode":{"drawMode":0,"name":"Shaded","section":"Shading Mode"},"sceneLighting":false,"audioPlay":false,"sceneViewState":{"m_AlwaysRefresh":false,"showFog":true,"showSkybox":false,"showFlares":true,"showImageEffects":true,"showParticleSystems":true,"showVisualEffectGraphs":true,"m_FxEnabled":true},"in2DMode":false,"pivot":{"x":0.0009999275207519532,"y":-0.9079999923706055,"z":-8.710000038146973},"rotation":{"x":-0.12595537304878236,"y":0.01695934124290943,"z":-0.0021547642536461355,"w":-0.9918860197067261},"size":1.6724684238433838,"orthographic":false}