{"cameraMode":{"drawMode":0,"name":"Shaded","section":"Shading Mode"},"sceneLighting":false,"audioPlay":false,"sceneViewState":{"m_AlwaysRefresh":false,"showFog":true,"showSkybox":false,"showFlares":true,"showImageEffects":true,"showParticleSystems":true,"showVisualEffectGraphs":true,"m_FxEnabled":true},"in2DMode":false,"pivot":{"x":0.4165167212486267,"y":-0.5981032848358154,"z":0.9602868556976318},"rotation":{"x":-0.002031037351116538,"y":0.9956207275390625,"z":-0.09015094488859177,"w":-0.0209133792668581},"size":0.6025985479354858,"orthographic":false}