{"cameraMode":{"drawMode":0,"name":"Shaded","section":"Shading Mode"},"sceneLighting":false,"audioPlay":false,"sceneViewState":{"m_AlwaysRefresh":false,"showFog":true,"showSkybox":false,"showFlares":true,"showImageEffects":true,"showParticleSystems":true,"showVisualEffectGraphs":true,"m_FxEnabled":true},"in2DMode":false,"pivot":{"x":-0.09405668824911118,"y":-0.08498366177082062,"z":0.1403515487909317},"rotation":{"x":0.0752299427986145,"y":0.003291275817900896,"z":-0.00037416128907352686,"w":0.9971292018890381},"size":0.7378536462783814,"orthographic":false}