{"cameraMode":{"drawMode":0,"name":"Shaded","section":"Shading Mode"},"sceneLighting":true,"audioPlay":false,"sceneViewState":{"showFog":true,"showMaterialUpdate":true,"showSkybox":true,"showFlares":true,"showImageEffects":true,"showParticleSystems":true},"in2DMode":false,"pivot":{"x":71.60713195800781,"y":667.4659423828125,"z":-63.626190185546878},"rotation":{"x":0.4522818624973297,"y":0.2317899763584137,"z":-0.1229722797870636,"w":0.8524227142333984},"size":62.363792419433597,"orthographic":false}