{"cameraMode":{"drawMode":0,"name":"Shaded","section":"Shading Mode"},"sceneLighting":false,"audioPlay":false,"sceneViewState":{"m_AlwaysRefresh":false,"showFog":true,"showSkybox":false,"showFlares":true,"showImageEffects":true,"showParticleSystems":true,"showVisualEffectGraphs":true,"m_FxEnabled":true},"in2DMode":false,"pivot":{"x":-0.0035000364296138288,"y":-0.45399999618530276,"z":-3.8550000190734865},"rotation":{"x":0.037121839821338657,"y":-0.05633346736431122,"z":-0.002091833623126149,"w":-0.9976963996887207},"size":4.876183032989502,"orthographic":false}