{"cameraMode":{"drawMode":0,"name":"Shaded","section":"Shading Mode"},"sceneLighting":false,"audioPlay":false,"sceneViewState":{"m_AlwaysRefresh":false,"showFog":true,"showSkybox":false,"showFlares":true,"showImageEffects":true,"showParticleSystems":true,"showVisualEffectGraphs":true,"m_FxEnabled":true},"in2DMode":false,"pivot":{"x":0.2517179548740387,"y":-2.375134229660034,"z":-225.9293212890625},"rotation":{"x":0.0031203925609588625,"y":0.3097812235355377,"z":-0.0011110414052382112,"w":0.9507092237472534},"size":0.4131040573120117,"orthographic":false}